Rk,Name,TeamName,PA,AB,H,2B,3B,HR,SO,BB,HBP,SH,SF,GDP,AVG,OBP,OPS
1,NPB野手（平均）,-,62449,56064,13906,2300,263,1094,11759,4516,593,899,377,1033,0.24803795662100456,0.30448846258546974,0.6614733370146935
2,NPB投手（平均）,-,1729,1468,147,15,0,2,716,43,2,214,2,14,0.10013623978201634,0.11104684788895315,0.22548826478268613
3,NPB野手（上位）,-,8583,7564,2092,393,25,354,1704,832,104,22,61,151,0.2765732416710735,0.35279039962717,0.8283324408751869
4,NPB野手（下位）,-,1857,1692,294,52,5,10,444,82,22,51,10,30,0.17375886524822695,0.2143241787829833,0.4424565664898391
