Rk,Name,TeamName,PA,AB,H,2B,3B,HR,SO,BB,HBP,SH,SF,GDP,AVG,OBP,OPS
3,NPB野手（上位）,-,12697,11476,3153,538,50,350,2195,962,117,61,81,194,0.27474729871035203,0.3333070804126959,0.7551439573733094
1,NPB野手（平均）,-,62449,56064,13906,2300,263,1094,11759,4516,593,899,377,1033,0.24803795662100456,0.30448846258546974,0.6614733370146935
4,NPB野手（下位）,-,11996,10905,2899,438,51,191,1903,790,92,122,87,199,0.26584135717560753,0.315188396132044,0.6830930270352994
2,NPB投手（平均）,-,1729,1468,147,15,0,2,716,43,2,214,2,14,0.10013623978201634,0.11104684788895315,0.22548826478268613
